[
  {
    "test_type": "auto_detected",
    "url": "https://de6c79cb67a0f2.lhr.life",
    "success": false,
    "message": "",
    "error": "Login test failed: HTTPSConnectionPool(host='de6c79cb67a0f2.lhr.life', port=443): Read timed out. (read timeout=15)",
    "timestamp": "2025-10-04T21:59:52.100402"
  },
  {
    "test_type": "manual_fields",
    "url": "https://de6c79cb67a0f2.lhr.life",
    "username_field": "error",
    "password_field": "12345@",
    "success": false,
    "message": "",
    "error": "No forms found",
    "timestamp": "2025-10-04T22:00:14.245062"
  }
]