{
  "target": "testphp.vulnweb.com",
  "original_url": "testphp.vulnweb.com",
  "scan_date": "2025-10-05T19:12:43.481973",
  "scan_results": {
    "host_discovery": {
      "scan_name": "Host Discovery",
      "command": "nmap -sn testphp.vulnweb.com",
      "output": "Starting Nmap 7.98 ( https://nmap.org ) at 2025-10-05 18:57 +0300\nNmap scan report for testphp.vulnweb.com (44.228.249.3)\nHost is up (0.36s latency).\nrDNS record for 44.228.249.3: ec2-44-228-249-3.us-west-2.compute.amazonaws.com\nNmap done: 1 IP address (1 host up) scanned in 1.05 seconds\n",
      "errors": "",
      "return_code": 0,
      "duration": "1.16s",
      "timestamp": "2025-10-05T18:58:00.513616"
    },
    "host_status": "Alive",
    "quick_scan": {
      "scan_name": "Quick Scan",
      "command": "nmap -T4 -F --open testphp.vulnweb.com",
      "output": "Starting Nmap 7.98 ( https://nmap.org ) at 2025-10-05 18:58 +0300\nNmap scan report for testphp.vulnweb.com (44.228.249.3)\nHost is up (0.37s latency).\nrDNS record for 44.228.249.3: ec2-44-228-249-3.us-west-2.compute.amazonaws.com\nNot shown: 99 filtered tcp ports (no-response)\nSome closed ports may be reported as filtered due to --defeat-rst-ratelimit\nPORT   STATE SERVICE\n80/tcp open  http\n\nNmap done: 1 IP address (1 host up) scanned in 14.41 seconds\n",
      "errors": "",
      "return_code": 0,
      "duration": "14.47s",
      "timestamp": "2025-10-05T18:58:15.989142"
    },
    "quick_open_ports": [
      "80"
    ],
    "full_scan": {
      "scan_name": "Full Port Scan",
      "command": "nmap -T4 -p- --open --min-rate 1000 testphp.vulnweb.com",
      "output": "Starting Nmap 7.98 ( https://nmap.org ) at 2025-10-05 18:58 +0300\nNmap scan report for testphp.vulnweb.com (44.228.249.3)\nHost is up (0.45s latency).\nrDNS record for 44.228.249.3: ec2-44-228-249-3.us-west-2.compute.amazonaws.com\nNot shown: 65534 filtered tcp ports (no-response)\nSome closed ports may be reported as filtered due to --defeat-rst-ratelimit\nPORT   STATE SERVICE\n80/tcp open  http\n\nNmap done: 1 IP address (1 host up) scanned in 255.02 seconds\n",
      "errors": "",
      "return_code": 0,
      "duration": "255.08s",
      "timestamp": "2025-10-05T19:02:32.072253"
    },
    "open_ports": [
      "80"
    ],
    "services": {},
    "service_scan": {
      "scan_name": "Service Detection",
      "command": "nmap -sV -sC -A -p 80 testphp.vulnweb.com",
      "output": "Starting Nmap 7.98 ( https://nmap.org ) at 2025-10-05 19:02 +0300\nNote: Host seems down. If it is really up, but blocking our ping probes, try -Pn\nNmap done: 1 IP address (0 hosts up) scanned in 6.26 seconds\n",
      "errors": "",
      "return_code": 0,
      "duration": "6.50s",
      "timestamp": "2025-10-05T19:02:39.577795"
    },
    "os_detection": {
      "scan_name": "OS Detection",
      "command": "nmap -O --osscan-guess --fuzzy testphp.vulnweb.com",
      "output": "",
      "errors": "TCP/IP fingerprinting (for OS scan) requires root privileges.\nQUITTING!\n",
      "return_code": 1,
      "duration": "0.77s",
      "timestamp": "2025-10-05T19:02:41.351766"
    },
    "os_info": "Unknown OS"
  },
  "summary": {
    "host_status": "Alive",
    "open_ports_count": 1,
    "services_count": 0,
    "vulnerabilities_count": 0,
    "os_info": "Unknown OS",
    "risk_level": "LOW",
    "risk_score": 0,
    "recommendations": [
      "Maintain current security posture",
      "Regular monitoring recommended"
    ]
  }
}