{
  "target_url": "http://localhost:9999",
  "scan_date": "2025-10-05T18:47:23.540242",
  "waf_detected": true,
  "detected_wafs": {
    "Cloudflare": {
      "detection_method": "header_analysis",
      "confidence": "HIGH",
      "evidence": "Server: Werkzeug/3.1.3 Python/3.12.11"
    },
    "Akamai": {
      "detection_method": "header_analysis",
      "confidence": "HIGH",
      "evidence": "Server: Werkzeug/3.1.3 Python/3.12.11"
    },
    "Imperva": {
      "detection_method": "header_analysis",
      "confidence": "HIGH",
      "evidence": "Server: Werkzeug/3.1.3 Python/3.12.11"
    },
    "ModSecurity": {
      "detection_method": "header_analysis",
      "confidence": "HIGH",
      "evidence": "Server: Werkzeug/3.1.3 Python/3.12.11"
    },
    "Sucuri": {
      "detection_method": "header_analysis",
      "confidence": "HIGH",
      "evidence": "Server: Werkzeug/3.1.3 Python/3.12.11"
    },
    "FortiWeb": {
      "detection_method": "header_analysis",
      "confidence": "HIGH",
      "evidence": "Server: Werkzeug/3.1.3 Python/3.12.11"
    },
    "F5 BIG-IP": {
      "detection_method": "header_analysis",
      "confidence": "HIGH",
      "evidence": "Server: Werkzeug/3.1.3 Python/3.12.11"
    }
  },
  "security_implications": [
    "\u2705 Web Application Firewall detected - Enhanced security",
    "\ud83d\udd12 Additional layer of protection against common attacks",
    "\u26a0\ufe0f May require advanced techniques for penetration testing"
  ]
}