{
  "target_url": "http://testphp.vulnweb.com",
  "scan_date": "2025-10-05T12:49:19.948452",
  "waf_detected": true,
  "detected_wafs": {
    "Cloudflare": {
      "detection_method": "header_analysis",
      "confidence": "HIGH",
      "evidence": "Server: nginx/1.19.0"
    },
    "Akamai": {
      "detection_method": "header_analysis",
      "confidence": "HIGH",
      "evidence": "Server: nginx/1.19.0"
    },
    "Imperva": {
      "detection_method": "header_analysis",
      "confidence": "HIGH",
      "evidence": "Server: nginx/1.19.0"
    },
    "ModSecurity": {
      "detection_method": "header_analysis",
      "confidence": "HIGH",
      "evidence": "Server: nginx/1.19.0"
    },
    "Sucuri": {
      "detection_method": "header_analysis",
      "confidence": "HIGH",
      "evidence": "Server: nginx/1.19.0"
    },
    "FortiWeb": {
      "detection_method": "header_analysis",
      "confidence": "HIGH",
      "evidence": "Server: nginx/1.19.0"
    },
    "F5 BIG-IP": {
      "detection_method": "header_analysis",
      "confidence": "HIGH",
      "evidence": "Server: nginx/1.19.0"
    },
    "Behavioral WAF": {
      "detection_method": "timing_analysis",
      "confidence": "LOW",
      "evidence": "Delay detected: 1.49s vs 0.43s",
      "normal_response_time": 0.42986631393432617,
      "malicious_response_time": 1.4925320148468018
    }
  },
  "security_implications": [
    "\u2705 Web Application Firewall detected - Enhanced security",
    "\ud83d\udd12 Additional layer of protection against common attacks",
    "\u26a0\ufe0f May require advanced techniques for penetration testing"
  ]
}