{
  "target_url": "http://testphp.vulnweb.com",
  "scan_date": "2025-10-05T04:05:26.031092",
  "discovery_summary": {
    "total_forms_analyzed": 1,
    "login_forms_identified": 0,
    "total_parameters_found": 2,
    "api_endpoints_found": 0,
    "login_pages_found": 0,
    "redirects_found": 0
  },
  "detailed_findings": {
    "form_1": {
      "action": "search.php?test=query",
      "method": "POST",
      "parameters": [
        {
          "name": "searchFor",
          "type": "text",
          "value": "",
          "placeholder": "",
          "id": "",
          "class": [],
          "login_confidence": "LOW"
        },
        {
          "name": "goButton",
          "type": "submit",
          "value": "go",
          "placeholder": "",
          "id": "",
          "class": [],
          "login_confidence": "LOW"
        }
      ],
      "login_indicators": [],
      "form_html": "<form action=\"search.php?test=query\" method=\"post\">\n<label>search art</label>\n<input name=\"searchFor\" size=\"10\" type=\"text\"/>\n<input name=\"goButton\" type=\"submit\" value=\"go\"/>\n</form>",
      "is_login_form": false
    },
    "api_endpoints": [],
    "login_pages": [],
    "bruteforced_params": [
      "username",
      "user",
      "email",
      "login",
      "auth_user",
      "password",
      "pass",
      "pwd",
      "auth_password",
      "passwd",
      "token",
      "csrf",
      "csrf_token",
      "_token",
      "authenticity_token",
      "remember",
      "remember_me",
      "stay_signed_in",
      "redirect",
      "return_url",
      "next",
      "callback"
    ],
    "redirects": [],
    "cookies": []
  },
  "login_endpoints": []
}