{
  "target_url": "http://localhost:9999",
  "scan_date": "2025-10-05T18:47:18.809543",
  "discovery_summary": {
    "total_forms_analyzed": 1,
    "login_forms_identified": 1,
    "total_parameters_found": 2,
    "login_parameters_found": 1,
    "api_endpoints_found": 20,
    "login_pages_found": 20,
    "redirects_found": 5
  },
  "detailed_findings": {
    "form_1": {
      "action": "/login",
      "method": "POST",
      "full_url": "http://localhost:9999/login",
      "parameters": [
        {
          "name": "phone",
          "type": "tel",
          "value": "",
          "placeholder": "+255712345678",
          "id": "phone",
          "class": "",
          "login_confidence": "LOW"
        },
        {
          "name": "password",
          "type": "password",
          "value": "",
          "placeholder": "herufi 6 na alama",
          "id": "password",
          "class": "",
          "login_confidence": "HIGH"
        }
      ],
      "login_indicators": [
        "password"
      ],
      "is_login_form": true
    },
    "api_endpoints": [
      {
        "url": "http://localhost:9999/api/login",
        "method": "GET",
        "status": 200,
        "content_type": "text/html; charset=utf-8"
      },
      {
        "url": "http://localhost:9999/api/auth",
        "method": "GET",
        "status": 200,
        "content_type": "text/html; charset=utf-8"
      },
      {
        "url": "http://localhost:9999/api/authenticate",
        "method": "GET",
        "status": 200,
        "content_type": "text/html; charset=utf-8"
      },
      {
        "url": "http://localhost:9999/api/verify",
        "method": "GET",
        "status": 200,
        "content_type": "text/html; charset=utf-8"
      },
      {
        "url": "http://localhost:9999/auth/login",
        "method": "GET",
        "status": 200,
        "content_type": "text/html; charset=utf-8"
      },
      {
        "url": "http://localhost:9999/auth/signin",
        "method": "GET",
        "status": 200,
        "content_type": "text/html; charset=utf-8"
      },
      {
        "url": "http://localhost:9999/oauth/token",
        "method": "GET",
        "status": 200,
        "content_type": "text/html; charset=utf-8"
      },
      {
        "url": "http://localhost:9999/oauth/authorize",
        "method": "GET",
        "status": 200,
        "content_type": "text/html; charset=utf-8"
      },
      {
        "url": "http://localhost:9999/rest/auth",
        "method": "GET",
        "status": 200,
        "content_type": "text/html; charset=utf-8"
      },
      {
        "url": "http://localhost:9999/graphql",
        "method": "GET",
        "status": 200,
        "content_type": "text/html; charset=utf-8"
      },
      {
        "url": "http://localhost:9999/api/v1/login",
        "method": "GET",
        "status": 200,
        "content_type": "text/html; charset=utf-8"
      },
      {
        "url": "http://localhost:9999/api/v2/auth",
        "method": "GET",
        "status": 200,
        "content_type": "text/html; charset=utf-8"
      },
      {
        "url": "http://localhost:9999/json/auth",
        "method": "GET",
        "status": 200,
        "content_type": "text/html; charset=utf-8"
      },
      {
        "url": "http://localhost:9999/xml/login",
        "method": "GET",
        "status": 200,
        "content_type": "text/html; charset=utf-8"
      },
      {
        "url": "http://localhost:9999/api/user/login",
        "method": "GET",
        "status": 200,
        "content_type": "text/html; charset=utf-8"
      },
      {
        "url": "http://localhost:9999/api/account/signin",
        "method": "GET",
        "status": 200,
        "content_type": "text/html; charset=utf-8"
      },
      {
        "url": "http://localhost:9999/admin/login",
        "method": "GET",
        "status": 200,
        "content_type": "text/html; charset=utf-8"
      },
      {
        "url": "http://localhost:9999/user/auth",
        "method": "GET",
        "status": 200,
        "content_type": "text/html; charset=utf-8"
      },
      {
        "url": "http://localhost:9999/member/login",
        "method": "GET",
        "status": 200,
        "content_type": "text/html; charset=utf-8"
      },
      {
        "url": "http://localhost:9999/account/login",
        "method": "GET",
        "status": 200,
        "content_type": "text/html; charset=utf-8"
      }
    ],
    "login_pages": [
      {
        "url": "http://localhost:9999/login",
        "status": 200,
        "title": "\ud83d\udd10 Login - Ghost Bot",
        "login_score": 5
      },
      {
        "url": "http://localhost:9999/signin",
        "status": 200,
        "title": "\ud83d\udd10 Login - Ghost Bot",
        "login_score": 5
      },
      {
        "url": "http://localhost:9999/auth",
        "status": 200,
        "title": "\ud83d\udd10 Login - Ghost Bot",
        "login_score": 5
      },
      {
        "url": "http://localhost:9999/authenticate",
        "status": 200,
        "title": "\ud83d\udd10 Login - Ghost Bot",
        "login_score": 5
      },
      {
        "url": "http://localhost:9999/verify",
        "status": 200,
        "title": "\ud83d\udd10 Login - Ghost Bot",
        "login_score": 5
      },
      {
        "url": "http://localhost:9999/admin",
        "status": 200,
        "title": "\ud83d\udd10 Login - Ghost Bot",
        "login_score": 5
      },
      {
        "url": "http://localhost:9999/administrator",
        "status": 200,
        "title": "\ud83d\udd10 Login - Ghost Bot",
        "login_score": 5
      },
      {
        "url": "http://localhost:9999/wp-login.php",
        "status": 200,
        "title": "\ud83d\udd10 Login - Ghost Bot",
        "login_score": 5
      },
      {
        "url": "http://localhost:9999/user/login",
        "status": 200,
        "title": "\ud83d\udd10 Login - Ghost Bot",
        "login_score": 5
      },
      {
        "url": "http://localhost:9999/account/signin",
        "status": 200,
        "title": "\ud83d\udd10 Login - Ghost Bot",
        "login_score": 5
      },
      {
        "url": "http://localhost:9999/member/login",
        "status": 200,
        "title": "\ud83d\udd10 Login - Ghost Bot",
        "login_score": 5
      },
      {
        "url": "http://localhost:9999/secure/auth",
        "status": 200,
        "title": "\ud83d\udd10 Login - Ghost Bot",
        "login_score": 5
      },
      {
        "url": "http://localhost:9999/portal/login",
        "status": 200,
        "title": "\ud83d\udd10 Login - Ghost Bot",
        "login_score": 5
      },
      {
        "url": "http://localhost:9999/dashboard",
        "status": 200,
        "title": "\ud83d\udd10 Login - Ghost Bot",
        "login_score": 5
      },
      {
        "url": "http://localhost:9999/manager/html",
        "status": 200,
        "title": "\ud83d\udd10 Login - Ghost Bot",
        "login_score": 5
      },
      {
        "url": "http://localhost:9999/phpmyadmin",
        "status": 200,
        "title": "\ud83d\udd10 Login - Ghost Bot",
        "login_score": 5
      },
      {
        "url": "http://localhost:9999/cpanel",
        "status": 200,
        "title": "\ud83d\udd10 Login - Ghost Bot",
        "login_score": 5
      },
      {
        "url": "http://localhost:9999/webmail",
        "status": 200,
        "title": "\ud83d\udd10 Login - Ghost Bot",
        "login_score": 5
      },
      {
        "url": "http://localhost:9999/admin.php",
        "status": 200,
        "title": "\ud83d\udd10 Login - Ghost Bot",
        "login_score": 5
      },
      {
        "url": "http://localhost:9999/login.php",
        "status": 200,
        "title": "\ud83d\udd10 Login - Ghost Bot",
        "login_score": 5
      }
    ],
    "bruteforced_params": [
      {
        "parameter": "username",
        "type": "GET",
        "reflected": false
      },
      {
        "parameter": "user",
        "type": "GET",
        "reflected": false
      },
      {
        "parameter": "email",
        "type": "GET",
        "reflected": false
      },
      {
        "parameter": "login",
        "type": "GET",
        "reflected": true
      },
      {
        "parameter": "auth_user",
        "type": "GET",
        "reflected": false
      },
      {
        "parameter": "password",
        "type": "GET",
        "reflected": true
      },
      {
        "parameter": "pass",
        "type": "GET",
        "reflected": true
      },
      {
        "parameter": "pwd",
        "type": "GET",
        "reflected": false
      },
      {
        "parameter": "auth_password",
        "type": "GET",
        "reflected": false
      },
      {
        "parameter": "passwd",
        "type": "GET",
        "reflected": false
      },
      {
        "parameter": "token",
        "type": "GET",
        "reflected": false
      },
      {
        "parameter": "csrf",
        "type": "GET",
        "reflected": false
      },
      {
        "parameter": "csrf_token",
        "type": "GET",
        "reflected": false
      },
      {
        "parameter": "_token",
        "type": "GET",
        "reflected": false
      },
      {
        "parameter": "authenticity_token",
        "type": "GET",
        "reflected": false
      },
      {
        "parameter": "remember",
        "type": "GET",
        "reflected": false
      },
      {
        "parameter": "remember_me",
        "type": "GET",
        "reflected": false
      },
      {
        "parameter": "stay_signed_in",
        "type": "GET",
        "reflected": false
      },
      {
        "parameter": "captcha",
        "type": "GET",
        "reflected": false
      },
      {
        "parameter": "recaptcha",
        "type": "GET",
        "reflected": false
      },
      {
        "parameter": "g-recaptcha-response",
        "type": "GET",
        "reflected": false
      },
      {
        "parameter": "security_code",
        "type": "GET",
        "reflected": false
      },
      {
        "parameter": "redirect",
        "type": "GET",
        "reflected": false
      },
      {
        "parameter": "return_url",
        "type": "GET",
        "reflected": false
      },
      {
        "parameter": "next",
        "type": "GET",
        "reflected": false
      },
      {
        "parameter": "callback",
        "type": "GET",
        "reflected": false
      },
      {
        "parameter": "continue",
        "type": "GET",
        "reflected": false
      }
    ],
    "redirects": [
      {
        "protected_path": "http://localhost:9999/admin",
        "redirect_to": "/login",
        "status_code": 302,
        "login_redirect": true
      },
      {
        "protected_path": "http://localhost:9999/dashboard",
        "redirect_to": "/login",
        "status_code": 302,
        "login_redirect": true
      },
      {
        "protected_path": "http://localhost:9999/profile",
        "redirect_to": "/login",
        "status_code": 302,
        "login_redirect": true
      },
      {
        "protected_path": "http://localhost:9999/settings",
        "redirect_to": "/login",
        "status_code": 302,
        "login_redirect": true
      },
      {
        "protected_path": "http://localhost:9999/account",
        "redirect_to": "/login",
        "status_code": 302,
        "login_redirect": true
      }
    ],
    "session_data": []
  },
  "login_parameters": [
    {
      "form_action": "/login",
      "parameter_name": "password",
      "parameter_type": "password",
      "login_confidence": "HIGH"
    }
  ],
  "login_endpoints": [],
  "all_forms": [
    {
      "action": "/login",
      "method": "POST",
      "full_url": "http://localhost:9999/login",
      "parameters": [
        {
          "name": "phone",
          "type": "tel",
          "value": "",
          "placeholder": "+255712345678",
          "id": "phone",
          "class": "",
          "login_confidence": "LOW"
        },
        {
          "name": "password",
          "type": "password",
          "value": "",
          "placeholder": "herufi 6 na alama",
          "id": "password",
          "class": "",
          "login_confidence": "HIGH"
        }
      ],
      "login_indicators": [
        "password"
      ],
      "is_login_form": true
    }
  ]
}