{
  "target_url": "http://testphp.vulnweb.com",
  "scan_date": "2025-10-05T14:11:01.904137",
  "discovery_summary": {
    "total_forms_analyzed": 1,
    "login_forms_identified": 0,
    "total_parameters_found": 2,
    "login_parameters_found": 0,
    "api_endpoints_found": 0,
    "login_pages_found": 1,
    "redirects_found": 1
  },
  "detailed_findings": {
    "form_1": {
      "action": "search.php?test=query",
      "method": "POST",
      "full_url": "http://testphp.vulnweb.com/search.php?test=query",
      "parameters": [
        {
          "name": "searchFor",
          "type": "text",
          "value": "",
          "placeholder": "",
          "id": "",
          "class": "",
          "login_confidence": "LOW"
        },
        {
          "name": "goButton",
          "type": "submit",
          "value": "go",
          "placeholder": "",
          "id": "",
          "class": "",
          "login_confidence": "LOW"
        }
      ],
      "login_indicators": [],
      "is_login_form": false
    },
    "api_endpoints": [],
    "login_pages": [
      {
        "url": "http://testphp.vulnweb.com/login.php",
        "status": 200,
        "title": "login page",
        "login_score": 7
      }
    ],
    "bruteforced_params": [
      {
        "parameter": "user",
        "type": "GET",
        "reflected": true
      },
      {
        "parameter": "login",
        "type": "GET",
        "reflected": true
      },
      {
        "parameter": "auth_user",
        "type": "GET",
        "reflected": false
      },
      {
        "parameter": "password",
        "type": "GET",
        "reflected": false
      },
      {
        "parameter": "pwd",
        "type": "GET",
        "reflected": false
      },
      {
        "parameter": "auth_password",
        "type": "GET",
        "reflected": false
      },
      {
        "parameter": "passwd",
        "type": "GET",
        "reflected": false
      },
      {
        "parameter": "token",
        "type": "GET",
        "reflected": false
      },
      {
        "parameter": "csrf",
        "type": "GET",
        "reflected": false
      },
      {
        "parameter": "csrf_token",
        "type": "GET",
        "reflected": false
      },
      {
        "parameter": "_token",
        "type": "GET",
        "reflected": false
      },
      {
        "parameter": "authenticity_token",
        "type": "GET",
        "reflected": false
      },
      {
        "parameter": "remember",
        "type": "GET",
        "reflected": false
      },
      {
        "parameter": "remember_me",
        "type": "GET",
        "reflected": false
      },
      {
        "parameter": "stay_signed_in",
        "type": "GET",
        "reflected": false
      },
      {
        "parameter": "g-recaptcha-response",
        "type": "GET",
        "reflected": false
      },
      {
        "parameter": "security_code",
        "type": "GET",
        "reflected": false
      },
      {
        "parameter": "redirect",
        "type": "GET",
        "reflected": false
      },
      {
        "parameter": "return_url",
        "type": "GET",
        "reflected": false
      },
      {
        "parameter": "next",
        "type": "GET",
        "reflected": false
      },
      {
        "parameter": "callback",
        "type": "GET",
        "reflected": false
      }
    ],
    "redirects": [
      {
        "protected_path": "http://testphp.vulnweb.com/admin",
        "redirect_to": "http://testphp.vulnweb.com/admin/",
        "status_code": 301,
        "login_redirect": false
      }
    ],
    "session_data": []
  },
  "login_parameters": [],
  "login_endpoints": [],
  "all_forms": [
    {
      "action": "search.php?test=query",
      "method": "POST",
      "full_url": "http://testphp.vulnweb.com/search.php?test=query",
      "parameters": [
        {
          "name": "searchFor",
          "type": "text",
          "value": "",
          "placeholder": "",
          "id": "",
          "class": "",
          "login_confidence": "LOW"
        },
        {
          "name": "goButton",
          "type": "submit",
          "value": "go",
          "placeholder": "",
          "id": "",
          "class": "",
          "login_confidence": "LOW"
        }
      ],
      "login_indicators": [],
      "is_login_form": false
    }
  ]
}